{"cameraMode":{"drawMode":0,"name":"Shaded","section":"Shading Mode"},"sceneLighting":true,"audioPlay":false,"sceneViewState":{"m_AlwaysRefresh":false,"showFog":true,"showSkybox":true,"showFlares":true,"showImageEffects":true,"showParticleSystems":true,"showVisualEffectGraphs":true,"m_FxEnabled":true},"in2DMode":false,"pivot":{"x":427.6201477050781,"y":121.87445068359375,"z":166.326416015625},"rotation":{"x":0.17015452682971955,"y":0.012417572550475598,"z":-0.0021443271543830635,"w":0.9853376150131226},"size":806.8515014648438,"orthographic":false}